task_id,sol_name,submit_res
HumanEval_0,sol0,True
HumanEval_0,sol1,True
HumanEval_0,sol2,True
HumanEval_0,sol3,True
HumanEval_0,sol4,True
HumanEval_0,sol5,True
HumanEval_0,sol6,True
HumanEval_0,sol7,True
HumanEval_0,sol8,True
HumanEval_0,sol9,True
HumanEval_1,sol0,True
HumanEval_1,sol1,True
HumanEval_1,sol2,True
HumanEval_1,sol3,True
HumanEval_1,sol4,True
HumanEval_1,sol5,True
HumanEval_1,sol6,True
HumanEval_1,sol7,True
HumanEval_1,sol8,False
HumanEval_1,sol9,True
HumanEval_3,sol0,True
HumanEval_3,sol1,True
HumanEval_3,sol2,True
HumanEval_3,sol3,True
HumanEval_3,sol4,True
HumanEval_3,sol5,True
HumanEval_3,sol6,True
HumanEval_3,sol7,True
HumanEval_3,sol8,True
HumanEval_3,sol9,True
HumanEval_5,sol0,False
HumanEval_5,sol1,False
HumanEval_5,sol2,False
HumanEval_5,sol3,False
HumanEval_5,sol4,False
HumanEval_5,sol5,False
HumanEval_5,sol6,True
HumanEval_5,sol7,False
HumanEval_5,sol8,False
HumanEval_5,sol9,False
HumanEval_6,sol0,True
HumanEval_6,sol1,True
HumanEval_6,sol2,True
HumanEval_6,sol3,True
HumanEval_6,sol4,True
HumanEval_6,sol5,True
HumanEval_6,sol6,True
HumanEval_6,sol7,True
HumanEval_6,sol8,True
HumanEval_6,sol9,True
HumanEval_7,sol0,True
HumanEval_7,sol1,True
HumanEval_7,sol2,True
HumanEval_7,sol3,True
HumanEval_7,sol4,True
HumanEval_7,sol5,True
HumanEval_7,sol6,True
HumanEval_7,sol7,True
HumanEval_7,sol8,True
HumanEval_7,sol9,True
HumanEval_8,sol0,True
HumanEval_8,sol1,True
HumanEval_8,sol2,True
HumanEval_8,sol3,True
HumanEval_8,sol4,True
HumanEval_8,sol5,True
HumanEval_8,sol6,True
HumanEval_8,sol7,True
HumanEval_8,sol8,True
HumanEval_8,sol9,True
HumanEval_9,sol0,True
HumanEval_9,sol1,True
HumanEval_9,sol2,True
HumanEval_9,sol3,True
HumanEval_9,sol4,True
HumanEval_9,sol5,True
HumanEval_9,sol6,True
HumanEval_9,sol7,True
HumanEval_9,sol8,True
HumanEval_9,sol9,True
HumanEval_10,sol0,False
HumanEval_10,sol1,True
HumanEval_10,sol2,False
HumanEval_10,sol3,True
HumanEval_10,sol4,False
HumanEval_10,sol5,False
HumanEval_10,sol6,True
HumanEval_10,sol7,True
HumanEval_10,sol8,False
HumanEval_10,sol9,True
HumanEval_11,sol0,True
HumanEval_11,sol1,True
HumanEval_11,sol2,True
HumanEval_11,sol3,True
HumanEval_11,sol4,True
HumanEval_11,sol5,True
HumanEval_11,sol6,True
HumanEval_11,sol7,True
HumanEval_11,sol8,True
HumanEval_11,sol9,True
HumanEval_12,sol0,True
HumanEval_12,sol1,True
HumanEval_12,sol2,True
HumanEval_12,sol3,True
HumanEval_12,sol4,True
HumanEval_12,sol5,True
HumanEval_12,sol6,False
HumanEval_12,sol7,True
HumanEval_12,sol8,False
HumanEval_12,sol9,False
HumanEval_13,sol0,True
HumanEval_13,sol1,True
HumanEval_13,sol2,True
HumanEval_13,sol3,True
HumanEval_13,sol4,True
HumanEval_13,sol5,True
HumanEval_13,sol6,False
HumanEval_13,sol7,True
HumanEval_13,sol8,True
HumanEval_13,sol9,True
HumanEval_14,sol0,True
HumanEval_14,sol1,True
HumanEval_14,sol2,True
HumanEval_14,sol3,True
HumanEval_14,sol4,True
HumanEval_14,sol5,True
HumanEval_14,sol6,True
HumanEval_14,sol7,True
HumanEval_14,sol8,True
HumanEval_14,sol9,True
HumanEval_15,sol0,True
HumanEval_15,sol1,True
HumanEval_15,sol2,True
HumanEval_15,sol3,True
HumanEval_15,sol4,True
HumanEval_15,sol5,True
HumanEval_15,sol6,True
HumanEval_15,sol7,True
HumanEval_15,sol8,True
HumanEval_15,sol9,True
HumanEval_16,sol0,True
HumanEval_16,sol1,True
HumanEval_16,sol2,True
HumanEval_16,sol3,True
HumanEval_16,sol4,True
HumanEval_16,sol5,True
HumanEval_16,sol6,True
HumanEval_16,sol7,True
HumanEval_16,sol8,True
HumanEval_16,sol9,True
HumanEval_17,sol0,True
HumanEval_17,sol1,True
HumanEval_17,sol2,True
HumanEval_17,sol3,True
HumanEval_17,sol4,True
HumanEval_17,sol5,True
HumanEval_17,sol6,True
HumanEval_17,sol7,True
HumanEval_17,sol8,True
HumanEval_17,sol9,True
HumanEval_18,sol0,True
HumanEval_18,sol1,True
HumanEval_18,sol2,True
HumanEval_18,sol3,True
HumanEval_18,sol4,True
HumanEval_18,sol5,True
HumanEval_18,sol6,True
HumanEval_18,sol7,True
HumanEval_18,sol8,True
HumanEval_18,sol9,True
HumanEval_19,sol0,True
HumanEval_19,sol1,True
HumanEval_19,sol2,False
HumanEval_19,sol3,True
HumanEval_19,sol4,True
HumanEval_19,sol5,True
HumanEval_19,sol6,True
HumanEval_19,sol7,True
HumanEval_19,sol8,True
HumanEval_19,sol9,True
HumanEval_20,sol0,True
HumanEval_20,sol1,True
HumanEval_20,sol2,True
HumanEval_20,sol3,True
HumanEval_20,sol4,True
HumanEval_20,sol5,True
HumanEval_20,sol6,True
HumanEval_20,sol7,True
HumanEval_20,sol8,True
HumanEval_20,sol9,True
HumanEval_21,sol0,True
HumanEval_21,sol1,True
HumanEval_21,sol2,True
HumanEval_21,sol3,True
HumanEval_21,sol4,True
HumanEval_21,sol5,True
HumanEval_21,sol6,True
HumanEval_21,sol7,True
HumanEval_21,sol8,True
HumanEval_21,sol9,True
HumanEval_22,sol0,True
HumanEval_22,sol1,True
HumanEval_22,sol2,True
HumanEval_22,sol3,True
HumanEval_22,sol4,True
HumanEval_22,sol5,True
HumanEval_22,sol6,True
HumanEval_22,sol7,True
HumanEval_22,sol8,True
HumanEval_22,sol9,True
HumanEval_23,sol0,True
HumanEval_23,sol1,True
HumanEval_23,sol2,True
HumanEval_23,sol3,True
HumanEval_23,sol4,True
HumanEval_23,sol5,True
HumanEval_23,sol6,True
HumanEval_23,sol7,True
HumanEval_23,sol8,True
HumanEval_23,sol9,True
HumanEval_25,sol0,True
HumanEval_25,sol1,True
HumanEval_25,sol2,True
HumanEval_25,sol3,True
HumanEval_25,sol4,True
HumanEval_25,sol5,True
HumanEval_25,sol6,False
HumanEval_25,sol7,True
HumanEval_25,sol8,True
HumanEval_25,sol9,True
HumanEval_26,sol0,False
HumanEval_26,sol1,False
HumanEval_26,sol2,False
HumanEval_26,sol3,True
HumanEval_26,sol4,False
HumanEval_26,sol5,True
HumanEval_26,sol6,False
HumanEval_26,sol7,False
HumanEval_26,sol8,False
HumanEval_26,sol9,False
HumanEval_27,sol0,True
HumanEval_27,sol1,True
HumanEval_27,sol2,True
HumanEval_27,sol3,True
HumanEval_27,sol4,True
HumanEval_27,sol5,True
HumanEval_27,sol6,True
HumanEval_27,sol7,True
HumanEval_27,sol8,True
HumanEval_27,sol9,True
HumanEval_28,sol0,True
HumanEval_28,sol1,True
HumanEval_28,sol2,True
HumanEval_28,sol3,True
HumanEval_28,sol4,True
HumanEval_28,sol5,True
HumanEval_28,sol6,True
HumanEval_28,sol7,True
HumanEval_28,sol8,True
HumanEval_28,sol9,True
HumanEval_29,sol0,True
HumanEval_29,sol1,True
HumanEval_29,sol2,True
HumanEval_29,sol3,True
HumanEval_29,sol4,True
HumanEval_29,sol5,True
HumanEval_29,sol6,True
HumanEval_29,sol7,True
HumanEval_29,sol8,True
HumanEval_29,sol9,True
HumanEval_30,sol0,True
HumanEval_30,sol1,True
HumanEval_30,sol2,True
HumanEval_30,sol3,True
HumanEval_30,sol4,True
HumanEval_30,sol5,True
HumanEval_30,sol6,True
HumanEval_30,sol7,True
HumanEval_30,sol8,True
HumanEval_30,sol9,True
HumanEval_31,sol0,True
HumanEval_31,sol1,True
HumanEval_31,sol2,True
HumanEval_31,sol3,True
HumanEval_31,sol4,True
HumanEval_31,sol5,True
HumanEval_31,sol6,True
HumanEval_31,sol7,True
HumanEval_31,sol8,True
HumanEval_31,sol9,True
HumanEval_33,sol0,True
HumanEval_33,sol1,True
HumanEval_33,sol2,True
HumanEval_33,sol3,True
HumanEval_33,sol4,True
HumanEval_33,sol5,True
HumanEval_33,sol6,True
HumanEval_33,sol7,True
HumanEval_33,sol8,True
HumanEval_33,sol9,True
HumanEval_34,sol0,True
HumanEval_34,sol1,True
HumanEval_34,sol2,True
HumanEval_34,sol3,True
HumanEval_34,sol4,True
HumanEval_34,sol5,True
HumanEval_34,sol6,True
HumanEval_34,sol7,True
HumanEval_34,sol8,True
HumanEval_34,sol9,True
HumanEval_35,sol0,True
HumanEval_35,sol1,True
HumanEval_35,sol2,True
HumanEval_35,sol3,True
HumanEval_35,sol4,True
HumanEval_35,sol5,True
HumanEval_35,sol6,True
HumanEval_35,sol7,True
HumanEval_35,sol8,True
HumanEval_35,sol9,True
HumanEval_36,sol0,False
HumanEval_36,sol1,False
HumanEval_36,sol2,True
HumanEval_36,sol3,True
HumanEval_36,sol4,True
HumanEval_36,sol5,True
HumanEval_36,sol6,True
HumanEval_36,sol7,False
HumanEval_36,sol8,True
HumanEval_36,sol9,False
HumanEval_37,sol0,True
HumanEval_37,sol1,True
HumanEval_37,sol2,True
HumanEval_37,sol3,True
HumanEval_37,sol4,True
HumanEval_37,sol5,True
HumanEval_37,sol6,True
HumanEval_37,sol7,True
HumanEval_37,sol8,True
HumanEval_37,sol9,True
HumanEval_39,sol0,True
HumanEval_39,sol1,True
HumanEval_39,sol2,True
HumanEval_39,sol3,True
HumanEval_39,sol4,False
HumanEval_39,sol5,True
HumanEval_39,sol6,True
HumanEval_39,sol7,True
HumanEval_39,sol8,True
HumanEval_39,sol9,True
HumanEval_40,sol0,True
HumanEval_40,sol1,True
HumanEval_40,sol2,True
HumanEval_40,sol3,True
HumanEval_40,sol4,True
HumanEval_40,sol5,True
HumanEval_40,sol6,True
HumanEval_40,sol7,True
HumanEval_40,sol8,True
HumanEval_40,sol9,False
HumanEval_41,sol0,True
HumanEval_41,sol1,True
HumanEval_41,sol2,True
HumanEval_41,sol3,True
HumanEval_41,sol4,True
HumanEval_41,sol5,True
HumanEval_41,sol6,True
HumanEval_41,sol7,True
HumanEval_41,sol8,True
HumanEval_41,sol9,True
HumanEval_42,sol0,True
HumanEval_42,sol1,True
HumanEval_42,sol2,True
HumanEval_42,sol3,True
HumanEval_42,sol4,True
HumanEval_42,sol5,True
HumanEval_42,sol6,True
HumanEval_42,sol7,True
HumanEval_42,sol8,True
HumanEval_42,sol9,True
HumanEval_43,sol0,True
HumanEval_43,sol1,True
HumanEval_43,sol2,True
HumanEval_43,sol3,True
HumanEval_43,sol4,True
HumanEval_43,sol5,True
HumanEval_43,sol6,True
HumanEval_43,sol7,True
HumanEval_43,sol8,True
HumanEval_43,sol9,True
HumanEval_44,sol0,True
HumanEval_44,sol1,True
HumanEval_44,sol2,True
HumanEval_44,sol3,True
HumanEval_44,sol4,True
HumanEval_44,sol5,True
HumanEval_44,sol6,True
HumanEval_44,sol7,True
HumanEval_44,sol8,True
HumanEval_44,sol9,True
HumanEval_45,sol0,True
HumanEval_45,sol1,True
HumanEval_45,sol2,True
HumanEval_45,sol3,True
HumanEval_45,sol4,True
HumanEval_45,sol5,True
HumanEval_45,sol6,True
HumanEval_45,sol7,True
HumanEval_45,sol8,True
HumanEval_45,sol9,True
HumanEval_46,sol0,True
HumanEval_46,sol1,True
HumanEval_46,sol2,True
HumanEval_46,sol3,True
HumanEval_46,sol4,True
HumanEval_46,sol5,True
HumanEval_46,sol6,True
HumanEval_46,sol7,True
HumanEval_46,sol8,True
HumanEval_46,sol9,True
HumanEval_47,sol0,True
HumanEval_47,sol1,True
HumanEval_47,sol2,True
HumanEval_47,sol3,True
HumanEval_47,sol4,True
HumanEval_47,sol5,True
HumanEval_47,sol6,True
HumanEval_47,sol7,True
HumanEval_47,sol8,True
HumanEval_47,sol9,True
HumanEval_48,sol0,True
HumanEval_48,sol1,True
HumanEval_48,sol2,True
HumanEval_48,sol3,True
HumanEval_48,sol4,True
HumanEval_48,sol5,True
HumanEval_48,sol6,True
HumanEval_48,sol7,True
HumanEval_48,sol8,True
HumanEval_48,sol9,True
HumanEval_49,sol0,True
HumanEval_49,sol1,True
HumanEval_49,sol2,True
HumanEval_49,sol3,True
HumanEval_49,sol4,True
HumanEval_49,sol5,True
HumanEval_49,sol6,True
HumanEval_49,sol7,True
HumanEval_49,sol8,True
HumanEval_49,sol9,True
HumanEval_50,sol0,False
HumanEval_50,sol1,False
HumanEval_50,sol2,True
HumanEval_50,sol3,False
HumanEval_50,sol4,False
HumanEval_50,sol5,False
HumanEval_50,sol6,True
HumanEval_50,sol7,False
HumanEval_50,sol8,True
HumanEval_50,sol9,False
HumanEval_51,sol0,True
HumanEval_51,sol1,True
HumanEval_51,sol2,True
HumanEval_51,sol3,True
HumanEval_51,sol4,True
HumanEval_51,sol5,True
HumanEval_51,sol6,True
HumanEval_51,sol7,True
HumanEval_51,sol8,True
HumanEval_51,sol9,True
HumanEval_52,sol0,True
HumanEval_52,sol1,True
HumanEval_52,sol2,True
HumanEval_52,sol3,True
HumanEval_52,sol4,True
HumanEval_52,sol5,True
HumanEval_52,sol6,True
HumanEval_52,sol7,True
HumanEval_52,sol8,True
HumanEval_52,sol9,True
HumanEval_53,sol0,True
HumanEval_53,sol1,True
HumanEval_53,sol2,True
HumanEval_53,sol3,True
HumanEval_53,sol4,True
HumanEval_53,sol5,True
HumanEval_53,sol6,True
HumanEval_53,sol7,True
HumanEval_53,sol8,True
HumanEval_53,sol9,True
HumanEval_54,sol0,False
HumanEval_54,sol1,True
HumanEval_54,sol2,False
HumanEval_54,sol3,False
HumanEval_54,sol4,True
HumanEval_54,sol5,False
HumanEval_54,sol6,False
HumanEval_54,sol7,True
HumanEval_54,sol8,False
HumanEval_54,sol9,False
HumanEval_55,sol0,True
HumanEval_55,sol1,True
HumanEval_55,sol2,True
HumanEval_55,sol3,True
HumanEval_55,sol4,True
HumanEval_55,sol5,True
HumanEval_55,sol6,True
HumanEval_55,sol7,True
HumanEval_55,sol8,True
HumanEval_55,sol9,True
HumanEval_56,sol0,True
HumanEval_56,sol1,True
HumanEval_56,sol2,True
HumanEval_56,sol3,True
HumanEval_56,sol4,True
HumanEval_56,sol5,True
HumanEval_56,sol6,True
HumanEval_56,sol7,True
HumanEval_56,sol8,True
HumanEval_56,sol9,True
HumanEval_57,sol0,True
HumanEval_57,sol1,True
HumanEval_57,sol2,True
HumanEval_57,sol3,True
HumanEval_57,sol4,True
HumanEval_57,sol5,True
HumanEval_57,sol6,True
HumanEval_57,sol7,True
HumanEval_57,sol8,True
HumanEval_57,sol9,True
HumanEval_58,sol0,True
HumanEval_58,sol1,True
HumanEval_58,sol2,True
HumanEval_58,sol3,True
HumanEval_58,sol4,True
HumanEval_58,sol5,True
HumanEval_58,sol6,True
HumanEval_58,sol7,True
HumanEval_58,sol8,True
HumanEval_58,sol9,True
HumanEval_59,sol0,True
HumanEval_59,sol1,True
HumanEval_59,sol2,True
HumanEval_59,sol3,True
HumanEval_59,sol4,True
HumanEval_59,sol5,True
HumanEval_59,sol6,True
HumanEval_59,sol7,True
HumanEval_59,sol8,True
HumanEval_59,sol9,True
HumanEval_61,sol0,True
HumanEval_61,sol1,True
HumanEval_61,sol2,True
HumanEval_61,sol3,True
HumanEval_61,sol4,True
HumanEval_61,sol5,True
HumanEval_61,sol6,True
HumanEval_61,sol7,True
HumanEval_61,sol8,True
HumanEval_61,sol9,True
HumanEval_62,sol0,True
HumanEval_62,sol1,True
HumanEval_62,sol2,True
HumanEval_62,sol3,False
HumanEval_62,sol4,True
HumanEval_62,sol5,True
HumanEval_62,sol6,True
HumanEval_62,sol7,True
HumanEval_62,sol8,True
HumanEval_62,sol9,True
HumanEval_63,sol0,True
HumanEval_63,sol1,True
HumanEval_63,sol2,True
HumanEval_63,sol3,True
HumanEval_63,sol4,True
HumanEval_63,sol5,True
HumanEval_63,sol6,True
HumanEval_63,sol7,True
HumanEval_63,sol8,True
HumanEval_63,sol9,True
HumanEval_64,sol0,True
HumanEval_64,sol1,True
HumanEval_64,sol2,True
HumanEval_64,sol3,True
HumanEval_64,sol4,True
HumanEval_64,sol5,True
HumanEval_64,sol6,True
HumanEval_64,sol7,True
HumanEval_64,sol8,True
HumanEval_64,sol9,False
HumanEval_65,sol0,False
HumanEval_65,sol1,True
HumanEval_65,sol2,False
HumanEval_65,sol3,False
HumanEval_65,sol4,True
HumanEval_65,sol5,False
HumanEval_65,sol6,False
HumanEval_65,sol7,True
HumanEval_65,sol8,False
HumanEval_65,sol9,False
HumanEval_66,sol0,True
HumanEval_66,sol1,True
HumanEval_66,sol2,True
HumanEval_66,sol3,True
HumanEval_66,sol4,True
HumanEval_66,sol5,True
HumanEval_66,sol6,True
HumanEval_66,sol7,True
HumanEval_66,sol8,True
HumanEval_66,sol9,True
HumanEval_67,sol0,True
HumanEval_67,sol1,True
HumanEval_67,sol2,True
HumanEval_67,sol3,True
HumanEval_67,sol4,True
HumanEval_67,sol5,True
HumanEval_67,sol6,False
HumanEval_67,sol7,True
HumanEval_67,sol8,True
HumanEval_67,sol9,True
HumanEval_68,sol0,True
HumanEval_68,sol1,True
HumanEval_68,sol2,True
HumanEval_68,sol3,True
HumanEval_68,sol4,True
HumanEval_68,sol5,True
HumanEval_68,sol6,True
HumanEval_68,sol7,True
HumanEval_68,sol8,True
HumanEval_68,sol9,True
HumanEval_69,sol0,True
HumanEval_69,sol1,True
HumanEval_69,sol2,True
HumanEval_69,sol3,True
HumanEval_69,sol4,True
HumanEval_69,sol5,True
HumanEval_69,sol6,False
HumanEval_69,sol7,True
HumanEval_69,sol8,False
HumanEval_69,sol9,True
HumanEval_70,sol0,True
HumanEval_70,sol1,False
HumanEval_70,sol2,False
HumanEval_70,sol3,False
HumanEval_70,sol4,False
HumanEval_70,sol5,False
HumanEval_70,sol6,False
HumanEval_70,sol7,False
HumanEval_70,sol8,False
HumanEval_70,sol9,False
HumanEval_71,sol0,True
HumanEval_71,sol1,True
HumanEval_71,sol2,True
HumanEval_71,sol3,True
HumanEval_71,sol4,True
HumanEval_71,sol5,True
HumanEval_71,sol6,True
HumanEval_71,sol7,True
HumanEval_71,sol8,True
HumanEval_71,sol9,True
HumanEval_72,sol0,True
HumanEval_72,sol1,True
HumanEval_72,sol2,True
HumanEval_72,sol3,True
HumanEval_72,sol4,True
HumanEval_72,sol5,True
HumanEval_72,sol6,True
HumanEval_72,sol7,True
HumanEval_72,sol8,True
HumanEval_72,sol9,True
HumanEval_73,sol0,True
HumanEval_73,sol1,True
HumanEval_73,sol2,True
HumanEval_73,sol3,True
HumanEval_73,sol4,True
HumanEval_73,sol5,True
HumanEval_73,sol6,True
HumanEval_73,sol7,True
HumanEval_73,sol8,True
HumanEval_73,sol9,True
HumanEval_74,sol0,False
HumanEval_74,sol1,True
HumanEval_74,sol2,False
HumanEval_74,sol3,True
HumanEval_74,sol4,True
HumanEval_74,sol5,True
HumanEval_74,sol6,True
HumanEval_74,sol7,True
HumanEval_74,sol8,True
HumanEval_74,sol9,True
HumanEval_75,sol0,True
HumanEval_75,sol1,False
HumanEval_75,sol2,False
HumanEval_75,sol3,True
HumanEval_75,sol4,True
HumanEval_75,sol5,True
HumanEval_75,sol6,True
HumanEval_75,sol7,False
HumanEval_75,sol8,False
HumanEval_75,sol9,True
HumanEval_76,sol0,True
HumanEval_76,sol1,True
HumanEval_76,sol2,True
HumanEval_76,sol3,True
HumanEval_76,sol4,True
HumanEval_76,sol5,True
HumanEval_76,sol6,True
HumanEval_76,sol7,True
HumanEval_76,sol8,True
HumanEval_76,sol9,True
HumanEval_77,sol0,True
HumanEval_77,sol1,True
HumanEval_77,sol2,True
HumanEval_77,sol3,False
HumanEval_77,sol4,False
HumanEval_77,sol5,True
HumanEval_77,sol6,True
HumanEval_77,sol7,False
HumanEval_77,sol8,False
HumanEval_77,sol9,False
HumanEval_78,sol0,True
HumanEval_78,sol1,True
HumanEval_78,sol2,True
HumanEval_78,sol3,True
HumanEval_78,sol4,True
HumanEval_78,sol5,True
HumanEval_78,sol6,True
HumanEval_78,sol7,True
HumanEval_78,sol8,True
HumanEval_78,sol9,True
HumanEval_79,sol0,False
HumanEval_79,sol1,False
HumanEval_79,sol2,True
HumanEval_79,sol3,True
HumanEval_79,sol4,False
HumanEval_79,sol5,True
HumanEval_79,sol6,False
HumanEval_79,sol7,False
HumanEval_79,sol8,True
HumanEval_79,sol9,False
HumanEval_80,sol0,True
HumanEval_80,sol1,True
HumanEval_80,sol2,True
HumanEval_80,sol3,True
HumanEval_80,sol4,True
HumanEval_80,sol5,True
HumanEval_80,sol6,True
HumanEval_80,sol7,True
HumanEval_80,sol8,True
HumanEval_80,sol9,True
HumanEval_81,sol0,True
HumanEval_81,sol1,True
HumanEval_81,sol2,False
HumanEval_81,sol3,True
HumanEval_81,sol4,False
HumanEval_81,sol5,True
HumanEval_81,sol6,True
HumanEval_81,sol7,False
HumanEval_81,sol8,False
HumanEval_81,sol9,False
HumanEval_82,sol0,True
HumanEval_82,sol1,True
HumanEval_82,sol2,True
HumanEval_82,sol3,True
HumanEval_82,sol4,True
HumanEval_82,sol5,True
HumanEval_82,sol6,True
HumanEval_82,sol7,True
HumanEval_82,sol8,True
HumanEval_82,sol9,True
HumanEval_83,sol0,True
HumanEval_83,sol1,True
HumanEval_83,sol2,True
HumanEval_83,sol3,True
HumanEval_83,sol4,True
HumanEval_83,sol5,True
HumanEval_83,sol6,True
HumanEval_83,sol7,True
HumanEval_83,sol8,True
HumanEval_83,sol9,True
HumanEval_84,sol0,True
HumanEval_84,sol1,True
HumanEval_84,sol2,True
HumanEval_84,sol3,True
HumanEval_84,sol4,True
HumanEval_84,sol5,True
HumanEval_84,sol6,True
HumanEval_84,sol7,True
HumanEval_84,sol8,True
HumanEval_84,sol9,True
HumanEval_85,sol0,True
HumanEval_85,sol1,True
HumanEval_85,sol2,True
HumanEval_85,sol3,True
HumanEval_85,sol4,True
HumanEval_85,sol5,True
HumanEval_85,sol6,True
HumanEval_85,sol7,True
HumanEval_85,sol8,True
HumanEval_85,sol9,True
HumanEval_86,sol0,True
HumanEval_86,sol1,True
HumanEval_86,sol2,True
HumanEval_86,sol3,True
HumanEval_86,sol4,True
HumanEval_86,sol5,True
HumanEval_86,sol6,True
HumanEval_86,sol7,True
HumanEval_86,sol8,True
HumanEval_86,sol9,True
HumanEval_87,sol0,True
HumanEval_87,sol1,True
HumanEval_87,sol2,True
HumanEval_87,sol3,True
HumanEval_87,sol4,True
HumanEval_87,sol5,True
HumanEval_87,sol6,True
HumanEval_87,sol7,True
HumanEval_87,sol8,True
HumanEval_87,sol9,True
HumanEval_88,sol0,True
HumanEval_88,sol1,True
HumanEval_88,sol2,True
HumanEval_88,sol3,True
HumanEval_88,sol4,True
HumanEval_88,sol5,True
HumanEval_88,sol6,True
HumanEval_88,sol7,True
HumanEval_88,sol8,True
HumanEval_88,sol9,True
HumanEval_89,sol0,True
HumanEval_89,sol1,True
HumanEval_89,sol2,True
HumanEval_89,sol3,True
HumanEval_89,sol4,True
HumanEval_89,sol5,True
HumanEval_89,sol6,True
HumanEval_89,sol7,True
HumanEval_89,sol8,True
HumanEval_89,sol9,True
HumanEval_90,sol0,True
HumanEval_90,sol1,True
HumanEval_90,sol2,False
HumanEval_90,sol3,True
HumanEval_90,sol4,False
HumanEval_90,sol5,False
HumanEval_90,sol6,True
HumanEval_90,sol7,True
HumanEval_90,sol8,True
HumanEval_90,sol9,True
HumanEval_91,sol0,False
HumanEval_91,sol1,False
HumanEval_91,sol2,False
HumanEval_91,sol3,False
HumanEval_91,sol4,False
HumanEval_91,sol5,False
HumanEval_91,sol6,False
HumanEval_91,sol7,False
HumanEval_91,sol8,True
HumanEval_91,sol9,False
HumanEval_92,sol0,True
HumanEval_92,sol1,True
HumanEval_92,sol2,True
HumanEval_92,sol3,True
HumanEval_92,sol4,True
HumanEval_92,sol5,True
HumanEval_92,sol6,True
HumanEval_92,sol7,True
HumanEval_92,sol8,True
HumanEval_92,sol9,True
HumanEval_94,sol0,True
HumanEval_94,sol1,True
HumanEval_94,sol2,True
HumanEval_94,sol3,True
HumanEval_94,sol4,True
HumanEval_94,sol5,True
HumanEval_94,sol6,True
HumanEval_94,sol7,True
HumanEval_94,sol8,True
HumanEval_94,sol9,True
HumanEval_95,sol0,True
HumanEval_95,sol1,True
HumanEval_95,sol2,True
HumanEval_95,sol3,True
HumanEval_95,sol4,True
HumanEval_95,sol5,True
HumanEval_95,sol6,True
HumanEval_95,sol7,True
HumanEval_95,sol8,True
HumanEval_95,sol9,True
HumanEval_96,sol0,True
HumanEval_96,sol1,True
HumanEval_96,sol2,True
HumanEval_96,sol3,True
HumanEval_96,sol4,True
HumanEval_96,sol5,True
HumanEval_96,sol6,True
HumanEval_96,sol7,True
HumanEval_96,sol8,True
HumanEval_96,sol9,True
HumanEval_97,sol0,True
HumanEval_97,sol1,True
HumanEval_97,sol2,True
HumanEval_97,sol3,True
HumanEval_97,sol4,True
HumanEval_97,sol5,True
HumanEval_97,sol6,False
HumanEval_97,sol7,True
HumanEval_97,sol8,True
HumanEval_97,sol9,True
HumanEval_98,sol0,False
HumanEval_98,sol1,False
HumanEval_98,sol2,False
HumanEval_98,sol3,False
HumanEval_98,sol4,False
HumanEval_98,sol5,False
HumanEval_98,sol6,False
HumanEval_98,sol7,False
HumanEval_98,sol8,False
HumanEval_98,sol9,False
HumanEval_99,sol0,True
HumanEval_99,sol1,True
HumanEval_99,sol2,True
HumanEval_99,sol3,True
HumanEval_99,sol4,True
HumanEval_99,sol5,True
HumanEval_99,sol6,True
HumanEval_99,sol7,True
HumanEval_99,sol8,True
HumanEval_99,sol9,True
HumanEval_101,sol0,True
HumanEval_101,sol1,True
HumanEval_101,sol2,True
HumanEval_101,sol3,True
HumanEval_101,sol4,True
HumanEval_101,sol5,True
HumanEval_101,sol6,True
HumanEval_101,sol7,True
HumanEval_101,sol8,True
HumanEval_101,sol9,True
HumanEval_102,sol0,False
HumanEval_102,sol1,True
HumanEval_102,sol2,False
HumanEval_102,sol3,True
HumanEval_102,sol4,False
HumanEval_102,sol5,False
HumanEval_102,sol6,True
HumanEval_102,sol7,True
HumanEval_102,sol8,True
HumanEval_102,sol9,False
HumanEval_104,sol0,True
HumanEval_104,sol1,True
HumanEval_104,sol2,True
HumanEval_104,sol3,True
HumanEval_104,sol4,True
HumanEval_104,sol5,True
HumanEval_104,sol6,True
HumanEval_104,sol7,True
HumanEval_104,sol8,True
HumanEval_104,sol9,True
HumanEval_105,sol0,True
HumanEval_105,sol1,True
HumanEval_105,sol2,True
HumanEval_105,sol3,True
HumanEval_105,sol4,True
HumanEval_105,sol5,True
HumanEval_105,sol6,True
HumanEval_105,sol7,True
HumanEval_105,sol8,True
HumanEval_105,sol9,True
HumanEval_108,sol0,True
HumanEval_108,sol1,True
HumanEval_108,sol2,False
HumanEval_108,sol3,False
HumanEval_108,sol4,False
HumanEval_108,sol5,True
HumanEval_108,sol6,True
HumanEval_108,sol7,False
HumanEval_108,sol8,False
HumanEval_108,sol9,True
HumanEval_109,sol0,False
HumanEval_109,sol1,True
HumanEval_109,sol2,True
HumanEval_109,sol3,True
HumanEval_109,sol4,False
HumanEval_109,sol5,True
HumanEval_109,sol6,True
HumanEval_109,sol7,False
HumanEval_109,sol8,True
HumanEval_109,sol9,True
HumanEval_110,sol0,True
HumanEval_110,sol1,True
HumanEval_110,sol2,True
HumanEval_110,sol3,True
HumanEval_110,sol4,True
HumanEval_110,sol5,True
HumanEval_110,sol6,True
HumanEval_110,sol7,True
HumanEval_110,sol8,True
HumanEval_110,sol9,True
HumanEval_111,sol0,True
HumanEval_111,sol1,True
HumanEval_111,sol2,True
HumanEval_111,sol3,True
HumanEval_111,sol4,True
HumanEval_111,sol5,True
HumanEval_111,sol6,True
HumanEval_111,sol7,True
HumanEval_111,sol8,True
HumanEval_111,sol9,True
HumanEval_112,sol0,True
HumanEval_112,sol1,True
HumanEval_112,sol2,True
HumanEval_112,sol3,True
HumanEval_112,sol4,True
HumanEval_112,sol5,True
HumanEval_112,sol6,True
HumanEval_112,sol7,True
HumanEval_112,sol8,True
HumanEval_112,sol9,True
HumanEval_113,sol0,False
HumanEval_113,sol1,False
HumanEval_113,sol2,False
HumanEval_113,sol3,False
HumanEval_113,sol4,False
HumanEval_113,sol5,False
HumanEval_113,sol6,False
HumanEval_113,sol7,False
HumanEval_113,sol8,False
HumanEval_113,sol9,False
HumanEval_114,sol0,True
HumanEval_114,sol1,True
HumanEval_114,sol2,True
HumanEval_114,sol3,True
HumanEval_114,sol4,True
HumanEval_114,sol5,True
HumanEval_114,sol6,True
HumanEval_114,sol7,False
HumanEval_114,sol8,True
HumanEval_114,sol9,True
HumanEval_115,sol0,True
HumanEval_115,sol1,False
HumanEval_115,sol2,True
HumanEval_115,sol3,True
HumanEval_115,sol4,True
HumanEval_115,sol5,True
HumanEval_115,sol6,False
HumanEval_115,sol7,False
HumanEval_115,sol8,True
HumanEval_115,sol9,False
HumanEval_116,sol0,False
HumanEval_116,sol1,False
HumanEval_116,sol2,True
HumanEval_116,sol3,False
HumanEval_116,sol4,True
HumanEval_116,sol5,False
HumanEval_116,sol6,True
HumanEval_116,sol7,True
HumanEval_116,sol8,True
HumanEval_116,sol9,True
HumanEval_117,sol0,True
HumanEval_117,sol1,True
HumanEval_117,sol2,True
HumanEval_117,sol3,True
HumanEval_117,sol4,True
HumanEval_117,sol5,True
HumanEval_117,sol6,True
HumanEval_117,sol7,True
HumanEval_117,sol8,True
HumanEval_117,sol9,True
HumanEval_118,sol0,True
HumanEval_118,sol1,False
HumanEval_118,sol2,True
HumanEval_118,sol3,True
HumanEval_118,sol4,True
HumanEval_118,sol5,True
HumanEval_118,sol6,False
HumanEval_118,sol7,True
HumanEval_118,sol8,True
HumanEval_118,sol9,True
HumanEval_119,sol0,True
HumanEval_119,sol1,True
HumanEval_119,sol2,True
HumanEval_119,sol3,True
HumanEval_119,sol4,True
HumanEval_119,sol5,True
HumanEval_119,sol6,True
HumanEval_119,sol7,True
HumanEval_119,sol8,True
HumanEval_119,sol9,True
HumanEval_120,sol0,True
HumanEval_120,sol1,True
HumanEval_120,sol2,False
HumanEval_120,sol3,True
HumanEval_120,sol4,False
HumanEval_120,sol5,False
HumanEval_120,sol6,False
HumanEval_120,sol7,False
HumanEval_120,sol8,False
HumanEval_120,sol9,False
HumanEval_121,sol0,False
HumanEval_121,sol1,True
HumanEval_121,sol2,True
HumanEval_121,sol3,False
HumanEval_121,sol4,False
HumanEval_121,sol5,True
HumanEval_121,sol6,False
HumanEval_121,sol7,False
HumanEval_121,sol8,False
HumanEval_121,sol9,False
HumanEval_122,sol0,False
HumanEval_122,sol1,False
HumanEval_122,sol2,True
HumanEval_122,sol3,True
HumanEval_122,sol4,True
HumanEval_122,sol5,False
HumanEval_122,sol6,False
HumanEval_122,sol7,True
HumanEval_122,sol8,False
HumanEval_122,sol9,False
HumanEval_123,sol0,True
HumanEval_123,sol1,True
HumanEval_123,sol2,False
HumanEval_123,sol3,True
HumanEval_123,sol4,True
HumanEval_123,sol5,True
HumanEval_123,sol6,True
HumanEval_123,sol7,False
HumanEval_123,sol8,True
HumanEval_123,sol9,False
HumanEval_124,sol0,True
HumanEval_124,sol1,True
HumanEval_124,sol2,True
HumanEval_124,sol3,True
HumanEval_124,sol4,True
HumanEval_124,sol5,True
HumanEval_124,sol6,True
HumanEval_124,sol7,True
HumanEval_124,sol8,True
HumanEval_124,sol9,True
HumanEval_125,sol0,False
HumanEval_125,sol1,True
HumanEval_125,sol2,False
HumanEval_125,sol3,False
HumanEval_125,sol4,False
HumanEval_125,sol5,False
HumanEval_125,sol6,False
HumanEval_125,sol7,False
HumanEval_125,sol8,False
HumanEval_125,sol9,False
HumanEval_126,sol0,False
HumanEval_126,sol1,True
HumanEval_126,sol2,True
HumanEval_126,sol3,False
HumanEval_126,sol4,False
HumanEval_126,sol5,False
HumanEval_126,sol6,False
HumanEval_126,sol7,False
HumanEval_126,sol8,False
HumanEval_126,sol9,False
HumanEval_127,sol0,True
HumanEval_127,sol1,True
HumanEval_127,sol2,True
HumanEval_127,sol3,True
HumanEval_127,sol4,True
HumanEval_127,sol5,True
HumanEval_127,sol6,True
HumanEval_127,sol7,False
HumanEval_127,sol8,True
HumanEval_127,sol9,True
HumanEval_128,sol0,True
HumanEval_128,sol1,True
HumanEval_128,sol2,True
HumanEval_128,sol3,True
HumanEval_128,sol4,False
HumanEval_128,sol5,False
HumanEval_128,sol6,True
HumanEval_128,sol7,True
HumanEval_128,sol8,True
HumanEval_128,sol9,True
HumanEval_130,sol0,False
HumanEval_130,sol1,False
HumanEval_130,sol2,False
HumanEval_130,sol3,False
HumanEval_130,sol4,False
HumanEval_130,sol5,False
HumanEval_130,sol6,False
HumanEval_130,sol7,False
HumanEval_130,sol8,False
HumanEval_130,sol9,False
HumanEval_131,sol0,True
HumanEval_131,sol1,True
HumanEval_131,sol2,True
HumanEval_131,sol3,True
HumanEval_131,sol4,True
HumanEval_131,sol5,True
HumanEval_131,sol6,True
HumanEval_131,sol7,True
HumanEval_131,sol8,True
HumanEval_131,sol9,True
HumanEval_132,sol0,False
HumanEval_132,sol1,True
HumanEval_132,sol2,False
HumanEval_132,sol3,False
HumanEval_132,sol4,True
HumanEval_132,sol5,False
HumanEval_132,sol6,True
HumanEval_132,sol7,True
HumanEval_132,sol8,False
HumanEval_132,sol9,False
HumanEval_134,sol0,False
HumanEval_134,sol1,True
HumanEval_134,sol2,True
HumanEval_134,sol3,False
HumanEval_134,sol4,True
HumanEval_134,sol5,True
HumanEval_134,sol6,True
HumanEval_134,sol7,True
HumanEval_134,sol8,True
HumanEval_134,sol9,True
HumanEval_135,sol0,True
HumanEval_135,sol1,False
HumanEval_135,sol2,True
HumanEval_135,sol3,True
HumanEval_135,sol4,True
HumanEval_135,sol5,True
HumanEval_135,sol6,True
HumanEval_135,sol7,True
HumanEval_135,sol8,True
HumanEval_135,sol9,False
HumanEval_136,sol0,True
HumanEval_136,sol1,True
HumanEval_136,sol2,True
HumanEval_136,sol3,True
HumanEval_136,sol4,True
HumanEval_136,sol5,True
HumanEval_136,sol6,True
HumanEval_136,sol7,True
HumanEval_136,sol8,True
HumanEval_136,sol9,True
HumanEval_137,sol0,False
HumanEval_137,sol1,True
HumanEval_137,sol2,False
HumanEval_137,sol3,True
HumanEval_137,sol4,False
HumanEval_137,sol5,False
HumanEval_137,sol6,False
HumanEval_137,sol7,False
HumanEval_137,sol8,False
HumanEval_137,sol9,False
HumanEval_138,sol0,False
HumanEval_138,sol1,True
HumanEval_138,sol2,False
HumanEval_138,sol3,True
HumanEval_138,sol4,True
HumanEval_138,sol5,True
HumanEval_138,sol6,True
HumanEval_138,sol7,True
HumanEval_138,sol8,True
HumanEval_138,sol9,True
HumanEval_139,sol0,True
HumanEval_139,sol1,True
HumanEval_139,sol2,True
HumanEval_139,sol3,True
HumanEval_139,sol4,True
HumanEval_139,sol5,True
HumanEval_139,sol6,True
HumanEval_139,sol7,True
HumanEval_139,sol8,True
HumanEval_139,sol9,True
HumanEval_140,sol0,False
HumanEval_140,sol1,False
HumanEval_140,sol2,False
HumanEval_140,sol3,True
HumanEval_140,sol4,False
HumanEval_140,sol5,False
HumanEval_140,sol6,False
HumanEval_140,sol7,False
HumanEval_140,sol8,False
HumanEval_140,sol9,False
HumanEval_141,sol0,True
HumanEval_141,sol1,True
HumanEval_141,sol2,True
HumanEval_141,sol3,True
HumanEval_141,sol4,True
HumanEval_141,sol5,True
HumanEval_141,sol6,True
HumanEval_141,sol7,True
HumanEval_141,sol8,True
HumanEval_141,sol9,True
HumanEval_142,sol0,False
HumanEval_142,sol1,True
HumanEval_142,sol2,True
HumanEval_142,sol3,True
HumanEval_142,sol4,True
HumanEval_142,sol5,True
HumanEval_142,sol6,True
HumanEval_142,sol7,True
HumanEval_142,sol8,True
HumanEval_142,sol9,True
HumanEval_143,sol0,True
HumanEval_143,sol1,True
HumanEval_143,sol2,True
HumanEval_143,sol3,True
HumanEval_143,sol4,True
HumanEval_143,sol5,True
HumanEval_143,sol6,True
HumanEval_143,sol7,True
HumanEval_143,sol8,True
HumanEval_143,sol9,True
HumanEval_144,sol0,True
HumanEval_144,sol1,True
HumanEval_144,sol2,True
HumanEval_144,sol3,True
HumanEval_144,sol4,True
HumanEval_144,sol5,True
HumanEval_144,sol6,True
HumanEval_144,sol7,True
HumanEval_144,sol8,True
HumanEval_144,sol9,True
HumanEval_146,sol0,True
HumanEval_146,sol1,True
HumanEval_146,sol2,True
HumanEval_146,sol3,True
HumanEval_146,sol4,True
HumanEval_146,sol5,True
HumanEval_146,sol6,True
HumanEval_146,sol7,True
HumanEval_146,sol8,True
HumanEval_146,sol9,True
HumanEval_147,sol0,True
HumanEval_147,sol1,False
HumanEval_147,sol2,True
HumanEval_147,sol3,True
HumanEval_147,sol4,True
HumanEval_147,sol5,False
HumanEval_147,sol6,True
HumanEval_147,sol7,True
HumanEval_147,sol8,False
HumanEval_147,sol9,True
HumanEval_148,sol0,True
HumanEval_148,sol1,True
HumanEval_148,sol2,True
HumanEval_148,sol3,True
HumanEval_148,sol4,True
HumanEval_148,sol5,True
HumanEval_148,sol6,True
HumanEval_148,sol7,True
HumanEval_148,sol8,True
HumanEval_148,sol9,True
HumanEval_149,sol0,True
HumanEval_149,sol1,True
HumanEval_149,sol2,True
HumanEval_149,sol3,True
HumanEval_149,sol4,True
HumanEval_149,sol5,True
HumanEval_149,sol6,True
HumanEval_149,sol7,True
HumanEval_149,sol8,True
HumanEval_149,sol9,True
HumanEval_150,sol0,True
HumanEval_150,sol1,True
HumanEval_150,sol2,True
HumanEval_150,sol3,True
HumanEval_150,sol4,True
HumanEval_150,sol5,True
HumanEval_150,sol6,True
HumanEval_150,sol7,True
HumanEval_150,sol8,True
HumanEval_150,sol9,False
HumanEval_151,sol0,True
HumanEval_151,sol1,True
HumanEval_151,sol2,True
HumanEval_151,sol3,True
HumanEval_151,sol4,True
HumanEval_151,sol5,True
HumanEval_151,sol6,True
HumanEval_151,sol7,True
HumanEval_151,sol8,True
HumanEval_151,sol9,True
HumanEval_152,sol0,True
HumanEval_152,sol1,True
HumanEval_152,sol2,True
HumanEval_152,sol3,True
HumanEval_152,sol4,True
HumanEval_152,sol5,True
HumanEval_152,sol6,True
HumanEval_152,sol7,True
HumanEval_152,sol8,True
HumanEval_152,sol9,True
HumanEval_153,sol0,True
HumanEval_153,sol1,True
HumanEval_153,sol2,False
HumanEval_153,sol3,False
HumanEval_153,sol4,False
HumanEval_153,sol5,True
HumanEval_153,sol6,True
HumanEval_153,sol7,False
HumanEval_153,sol8,True
HumanEval_153,sol9,False
HumanEval_154,sol0,True
HumanEval_154,sol1,True
HumanEval_154,sol2,True
HumanEval_154,sol3,True
HumanEval_154,sol4,True
HumanEval_154,sol5,True
HumanEval_154,sol6,True
HumanEval_154,sol7,True
HumanEval_154,sol8,True
HumanEval_154,sol9,True
HumanEval_155,sol0,True
HumanEval_155,sol1,True
HumanEval_155,sol2,True
HumanEval_155,sol3,True
HumanEval_155,sol4,True
HumanEval_155,sol5,True
HumanEval_155,sol6,True
HumanEval_155,sol7,True
HumanEval_155,sol8,True
HumanEval_155,sol9,True
HumanEval_157,sol0,True
HumanEval_157,sol1,True
HumanEval_157,sol2,True
HumanEval_157,sol3,True
HumanEval_157,sol4,True
HumanEval_157,sol5,True
HumanEval_157,sol6,True
HumanEval_157,sol7,True
HumanEval_157,sol8,True
HumanEval_157,sol9,True
HumanEval_158,sol0,True
HumanEval_158,sol1,True
HumanEval_158,sol2,True
HumanEval_158,sol3,True
HumanEval_158,sol4,True
HumanEval_158,sol5,True
HumanEval_158,sol6,True
HumanEval_158,sol7,True
HumanEval_158,sol8,True
HumanEval_158,sol9,True
HumanEval_159,sol0,True
HumanEval_159,sol1,True
HumanEval_159,sol2,True
HumanEval_159,sol3,False
HumanEval_159,sol4,True
HumanEval_159,sol5,True
HumanEval_159,sol6,False
HumanEval_159,sol7,True
HumanEval_159,sol8,True
HumanEval_159,sol9,True
HumanEval_160,sol0,False
HumanEval_160,sol1,False
HumanEval_160,sol2,False
HumanEval_160,sol3,False
HumanEval_160,sol4,True
HumanEval_160,sol5,False
HumanEval_160,sol6,False
HumanEval_160,sol7,True
HumanEval_160,sol8,False
HumanEval_160,sol9,True
HumanEval_161,sol0,True
HumanEval_161,sol1,True
HumanEval_161,sol2,True
HumanEval_161,sol3,True
HumanEval_161,sol4,True
HumanEval_161,sol5,True
HumanEval_161,sol6,True
HumanEval_161,sol7,True
HumanEval_161,sol8,True
HumanEval_161,sol9,True
HumanEval_162,sol0,True
HumanEval_162,sol1,True
HumanEval_162,sol2,True
HumanEval_162,sol3,True
HumanEval_162,sol4,True
HumanEval_162,sol5,True
HumanEval_162,sol6,True
HumanEval_162,sol7,True
HumanEval_162,sol8,True
HumanEval_162,sol9,True
HumanEval_163,sol0,False
HumanEval_163,sol1,False
HumanEval_163,sol2,False
HumanEval_163,sol3,False
HumanEval_163,sol4,False
HumanEval_163,sol5,False
HumanEval_163,sol6,False
HumanEval_163,sol7,False
HumanEval_163,sol8,False
HumanEval_163,sol9,False
